{"0": [[[0.025728284136367904, 0.0452908002065365, 0.06774703691247567, 0.028356741254051323, 0.45894654086698056, 0.06214461528818673, 0.10803983283892102, 0.09453901935591666, 0.04543892631261025, 0.06376820282795348]]], "1": [[[1.4323042750789663e-08, 0.0007824590382785487, 0.9930775002267789, 2.1105500480841743e-15, 4.8478785152218285e-06, 0.005641411772083038, 0.0001326297646893484, 2.7900832809188047e-06, 2.142433647699824e-07, 0.0003581326699643539]]], "2": [[[1.6663357289876529e-12, 9.454891538990074e-10, 4.865107693502025e-21, 7.781879158445153e-14, 3.7694943998560955e-10, 1.1056716286365355e-10, 2.2672459106668124e-12, 2.8542377044348026e-11, 9.59283837419082e-12, 0.9999999985248476]]], "3": [[[7.772942451519923e-28, 5.076828152186414e-23, 1.1222328611707855e-18, 1.271961955495215e-19, 5.496953866398512e-07, 0.00012808516177290345, 1.650398846612217e-06, 0.9998697147439938, 8.549069089030134e-26, 8.784438706074055e-34]]], "4": [[[0.04930029454162451, 0.00870855343385472, 0.008627523473921076, 0.14724094687821082, 0.051405711513455306, 0.13000442629120046, 0.12492623129394818, 0.013057793994759842, 0.015846801427652095, 0.45088171715137304]]], "5": [[[0.0006420761461614738, 3.073152718719169e-05, 0.308243279460224, 0.00018162177289625698, 0.0005199762806427317, 0.00014056451612308156, 0.0041059760344739765, 0.6705947143412315, 0.00028090843151569645, 0.01526015148954407]]], "6": [[[0.1, 0.1, 0.1, 0.1, 0.1, 0.1, 0.1, 0.1, 0.1, 0.1]]], "7": [[[0.1, 0.1, 0.1, 0.1, 0.1, 0.1, 0.1, 0.1, 0.1, 0.1]]], "8": [[[0.1, 0.1, 0.1, 0.1, 0.1, 0.1, 0.1, 0.1, 0.1, 0.1]]], "9": [[[0.1, 0.1, 0.1, 0.1, 0.1, 0.1, 0.1, 0.1, 0.1, 0.1]]], "10": [[[6.890980089137811e-78, 4.4595698631193925e-53, 7.88330173980279e-113, 7.789566795013461e-79, 1.6335962861582073e-53, 4.390771497194112e-60, 1.2516288760755636e-51, 1.1322407594676411e-59, 3.397171277187365e-52, 1.0]]], "11": [[[0.0, 0.0, 0.0, 1.0, 0.0, 0.0, 0.0, 0.0, 0.0, 0.0]]], "12": [[[0.1, 0.1, 0.1, 0.1, 0.1, 0.1, 0.1, 0.1, 0.1, 0.1]]], "13": [[[0.0, 0.0, 0.0, 1.0, 0.0, 0.0, 0.0, 0.0, 0.0, 0.0]]], "14": [[[0.1, 0.1, 0.1, 0.1, 0.1, 0.1, 0.1, 0.1, 0.1, 0.1]]], "15": [[[0.05155396598444079, 0.1391436387217192, 0.061549400435870885, 0.019253683439994024, 0.22216038186866296, 0.022012431394510944, 0.11271208382328096, 0.059141453978075194, 0.2522101979535909, 0.06026276239985407]]], "16": [[[0.1, 0.1, 0.1, 0.1, 0.1, 0.1, 0.1, 0.1, 0.1, 0.1]]], "17": [[[1.6623694009308928e-258, 4.34111733087548e-261, 1.4070519585214594e-272, 1.0, 1.3631322051999282e-252, 2.7819962236496057e-243, 7.568915592520875e-241, 0.0, 3.737208736884611e-267, 3.963058117159993e-233]]], "18": [[[0.1, 0.1, 0.1, 0.1, 0.1, 0.1, 0.1, 0.1, 0.1, 0.1]]], "19": [[[0.1, 0.1, 0.1, 0.1, 0.1, 0.1, 0.1, 0.1, 0.1, 0.1]]], "20": [[[0.0, 0.0, 0.0, 0.0, 0.0, 0.0, 0.0, 0.0, 1.0, 0.0]]], "21": [[[0.0, 1.0, 0.0, 0.0, 0.0, 0.0, 0.0, 0.0, 0.0, 0.0]]], "22": [[[0.0, 0.0, 0.0, 0.0, 0.0, 0.0, 0.0, 0.0, 1.0, 0.0]]], "23": [[[0.1, 0.1, 0.1, 0.1, 0.1, 0.1, 0.1, 0.1, 0.1, 0.1]]], "24": [[[0.1, 0.1, 0.1, 0.1, 0.1, 0.1, 0.1, 0.1, 0.1, 0.1]]], "25": [[[0.0, 1.0, 0.0, 0.0, 0.0, 0.0, 0.0, 0.0, 0.0, 0.0]]], "26": [[[0.1, 0.1, 0.1, 0.1, 0.1, 0.1, 0.1, 0.1, 0.1, 0.1]]], "27": [[[0.1, 0.1, 0.1, 0.1, 0.1, 0.1, 0.1, 0.1, 0.1, 0.1]]], "28": [[[0.0, 0.0, 0.0, 1.0, 0.0, 0.0, 0.0, 0.0, 0.0, 0.0]]], "29": [[[0.1, 0.1, 0.1, 0.1, 0.1, 0.1, 0.1, 0.1, 0.1, 0.1]]], "30": [[[0.09926253158004394, 0.14117446765311936, 0.10048653561301119, 0.07652636001972211, 0.1000128872946753, 0.09838379020406857, 0.10160409475533443, 0.0882765844158956, 0.0959164983659736, 0.09835625009815586]]], "31": [[[0.1, 0.1, 0.1, 0.1, 0.1, 0.1, 0.1, 0.1, 0.1, 0.1]]], "32": [[[0.1, 0.1, 0.1, 0.1, 0.1, 0.1, 0.1, 0.1, 0.1, 0.1]]], "33": [[[0.1, 0.1, 0.1, 0.1, 0.1, 0.1, 0.1, 0.1, 0.1, 0.1]]], "34": [[[0.1, 0.1, 0.1, 0.1, 0.1, 0.1, 0.1, 0.1, 0.1, 0.1]]], "35": [[[0.1, 0.1, 0.1, 0.1, 0.1, 0.1, 0.1, 0.1, 0.1, 0.1]]], "36": [[[0.1, 0.1, 0.1, 0.1, 0.1, 0.1, 0.1, 0.1, 0.1, 0.1]]], "37": [[[0.1, 0.1, 0.1, 0.1, 0.1, 0.1, 0.1, 0.1, 0.1, 0.1]]], "38": [[[0.1, 0.1, 0.1, 0.1, 0.1, 0.1, 0.1, 0.1, 0.1, 0.1]]], "39": [[[0.1, 0.1, 0.1, 0.1, 0.1, 0.1, 0.1, 0.1, 0.1, 0.1]]], "40": [[[0.0, 0.0, 0.0, 0.0, 0.0, 0.0, 1.0, 0.0, 0.0, 0.0]]], "41": [[[0.1, 0.1, 0.1, 0.1, 0.1, 0.1, 0.1, 0.1, 0.1, 0.1]]], "42": [[[0.015322558995509064, 0.8713690979147026, 0.017886133637857123, 0.00024843863093761067, 0.016174624645291878, 0.015881018761094847, 0.0205947486262598, 0.015742085806548494, 0.012453637225714874, 0.014327655756083947]]], "43": [[[0.1, 0.1, 0.1, 0.1, 0.1, 0.1, 0.1, 0.1, 0.1, 0.1]]], "44": [[[0.1, 0.1, 0.1, 0.1, 0.1, 0.1, 0.1, 0.1, 0.1, 0.1]]], "45": [[[0.1, 0.1, 0.1, 0.1, 0.1, 0.1, 0.1, 0.1, 0.1, 0.1]]], "46": [[[0.1, 0.1, 0.1, 0.1, 0.1, 0.1, 0.1, 0.1, 0.1, 0.1]]], "47": [[[0.1, 0.1, 0.1, 0.1, 0.1, 0.1, 0.1, 0.1, 0.1, 0.1]]], "48": [[[0.1, 0.1, 0.1, 0.1, 0.1, 0.1, 0.1, 0.1, 0.1, 0.1]]], "49": [[[0.1, 0.1, 0.1, 0.1, 0.1, 0.1, 0.1, 0.1, 0.1, 0.1]]], "50": [[[0.09623732935353521, 0.19455488847947047, 0.09963200318222705, 0.05464982869489622, 0.09693974573326572, 0.0958795412945221, 0.1005331554886402, 0.07720963018722528, 0.08937985671400013, 0.0949840208722178]]], "51": [[[0.0, 0.0, 0.0, 1.0, 0.0, 0.0, 0.0, 0.0, 0.0, 0.0]]], "52": [[[0.1, 0.1, 0.1, 0.1, 0.1, 0.1, 0.1, 0.1, 0.1, 0.1]]], "53": [[[0.1, 0.1, 0.1, 0.1, 0.1, 0.1, 0.1, 0.1, 0.1, 0.1]]], "54": [[[0.100026420767517, 0.12790837517858988, 0.10195780178394594, 0.09679363387082557, 0.10074511362362261, 0.10076620455547813, 0.10134613275765367, 0.07518330804994773, 0.0949677689488655, 0.10030524046355395]]], "55": [[[0.1, 0.1, 0.1, 0.1, 0.1, 0.1, 0.1, 0.1, 0.1, 0.1]]], "56": [[[0.10016132885530594, 0.1405527513272701, 0.10248176623433147, 0.08473588186725284, 0.0999141035801765, 0.10122119163578992, 0.10152803117544956, 0.07546643660919067, 0.09358187319981937, 0.10035663551541356]]], "57": [[[0.1, 0.1, 0.1, 0.1, 0.1, 0.1, 0.1, 0.1, 0.1, 0.1]]], "58": [[[0.1, 0.1, 0.1, 0.1, 0.1, 0.1, 0.1, 0.1, 0.1, 0.1]]], "59": [[[0.1, 0.1, 0.1, 0.1, 0.1, 0.1, 0.1, 0.1, 0.1, 0.1]]], "60": [[[0.1, 0.1, 0.1, 0.1, 0.1, 0.1, 0.1, 0.1, 0.1, 0.1]]], "61": [[[0.1, 0.1, 0.1, 0.1, 0.1, 0.1, 0.1, 0.1, 0.1, 0.1]]], "62": [[[0.09840643758311583, 0.12920960950974777, 0.10287824813000747, 0.08895652407722762, 0.09932242943909025, 0.10727891230148932, 0.10072628879621522, 0.0767736421940604, 0.0946188274430974, 0.10182908052594865]]], "63": [[[0.1, 0.1, 0.1, 0.1, 0.1, 0.1, 0.1, 0.1, 0.1, 0.1]]], "64": [[[0.09832103195771412, 0.13931335099241185, 0.10337866790147582, 0.08150391337568016, 0.09870878129795131, 0.10766931285648716, 0.10078969012130612, 0.07525730751620985, 0.09327299834794948, 0.10178494563281405]]], "65": [[[0.1, 0.1, 0.1, 0.1, 0.1, 0.1, 0.1, 0.1, 0.1, 0.1]]], "66": [[[0.1, 0.1, 0.1, 0.1, 0.1, 0.1, 0.1, 0.1, 0.1, 0.1]]], "67": [[[0.09700187933106418, 0.11909355184417228, 0.10223174596585778, 0.1151220948250259, 0.10060490057328271, 0.10630406401792286, 0.10001757551987397, 0.06454354542401927, 0.09403432489223361, 0.10104631760654743]]], "68": [[[0.1, 0.1, 0.1, 0.1, 0.1, 0.1, 0.1, 0.1, 0.1, 0.1]]], "69": [[[0.09865702874902474, 0.11230879883484521, 0.10188425667298828, 0.09676636417592925, 0.0997779164230777, 0.1057054093512799, 0.10026833901595134, 0.08571243909842201, 0.09742475731513316, 0.10149469036334839]]], "70": [[[0.1, 0.1, 0.1, 0.1, 0.1, 0.1, 0.1, 0.1, 0.1, 0.1]]], "71": [[[0.1, 0.1, 0.1, 0.1, 0.1, 0.1, 0.1, 0.1, 0.1, 0.1]]], "72": [[[0.1, 0.1, 0.1, 0.1, 0.1, 0.1, 0.1, 0.1, 0.1, 0.1]]], "73": [[[0.1, 0.1, 0.1, 0.1, 0.1, 0.1, 0.1, 0.1, 0.1, 0.1]]], "74": [[[0.1, 0.1, 0.1, 0.1, 0.1, 0.1, 0.1, 0.1, 0.1, 0.1]]], "75": [[[0.1, 0.1, 0.1, 0.1, 0.1, 0.1, 0.1, 0.1, 0.1, 0.1]]], "76": [[[0.1, 0.1, 0.1, 0.1, 0.1, 0.1, 0.1, 0.1, 0.1, 0.1]]], "77": [[[0.1, 0.1, 0.1, 0.1, 0.1, 0.1, 0.1, 0.1, 0.1, 0.1]]], "78": [[[0.1, 0.1, 0.1, 0.1, 0.1, 0.1, 0.1, 0.1, 0.1, 0.1]]],